{
    "criteria": {
        "requirement": {
            "trigger": "minecraft:player_interacted_with_entity",
            "conditions": {
                "entity": {
                    "type": "minecraft:interaction",
                    "nbt": "{Tags:[\"respawningpets.config\",\"config.respawnTime\",\"config.decrease\"]}"
                }
            }
        }
    },
    "requirements": [
        [
            "requirement"
        ]
    ],
    "rewards": {
        "function": "lunareclipse.respawningpets:config/technical/clicked_option/respawn_time_decrease"
    },
    "sends_telemetry_event": false
}