{
    "criteria": {
        "requirement": {
            "trigger": "minecraft:player_interacted_with_entity",
            "conditions": {
                "entity": {
                    "type": "#lunareclipse.respawningpets:pets"
                }
            }
        }
    },
    "requirements": [
        [
            "requirement"
        ]
    ],
    "rewards": {
        "function": "lunareclipse.respawningpets:events/interacted_with_pet"
    },
    "sends_telemetry_event": false
}